,best_params,best_model,best_score,fit_time,gridsearch_results
lr,"{'lr__C': 0.004, 'selector__sp__percentile': 50, 'talib__rsiadx__kw_args': {'timeperiod': 5}}","Pipeline(steps=[('encoder',
                 ColumnTransformer(remainder='passthrough',
                                   transformers=[('te',
                                                  FunctionTransformer(func=<function target_encoder at 0x00000289474BC828>,
                                                                      kw_args={'y': DATETIME_simple
2017-01-03 04:00:00    0
2017-01-03 05:00:00   -1
2017-01-03 06:00:00   -1
2017-01-03 07:00:00   -1
2017-01-03 08:00:00   -1
                      ..
2017-10-18 10:00:00    1
2017-10-18 11:00:00    0
2017-10-18 12:00:00    0
2017-...
                                   transformers=[('scaler', StandardScaler(),
                                                  [0, 1, 2, 3, 4, 7, 8, 9, 10,
                                                   11, 12, 13, 14, 15, 16, 17,
                                                   18, 19, 20, 21, 22, 23, 24,
                                                   25, 26, 27, 28, 29, 30, 31, ...])])),
                ('selector',
                 ColumnTransformer(remainder='passthrough',
                                   transformers=[('sp',
                                                  SelectPercentile(percentile=50),
                                                  [0, 1, 2, 3, 4, 7, 8, 9, 10,
                                                   11, 12, 13, 14, 15, 16, 17,
                                                   18, 19, 20, 21, 22, 23, 24,
                                                   25, 26, 27, 28, 29, 30, 31, ...])])),
                ('lr', LogisticRegression(C=0.004))])",39.92023799321679,32.86756134033203,"{'mean_fit_time': array([0.12036219, 0.12294869, 0.13066564, 0.12704625, 0.11917505,
       0.1147553 , 0.13080692, 0.12704554, 0.1218791 , 0.12146506,
       0.13091369, 0.12398973, 0.12459731, 0.12348523, 0.13245568,
       0.13591805, 0.12712183, 0.12219706, 0.12826552, 0.12585483,
       0.12041478, 0.12274489, 0.12659583, 0.13769565, 0.12410908,
       0.13387709, 0.13091116, 0.12601714]), 'std_fit_time': array([0.03258977, 0.03981736, 0.04019425, 0.03846549, 0.03499951,
       0.03441116, 0.0414969 , 0.04220843, 0.03725318, 0.03695037,
       0.04265663, 0.03651571, 0.04215135, 0.03603667, 0.03990242,
       0.0350226 , 0.03828989, 0.03578035, 0.03842107, 0.03985519,
       0.0371398 , 0.03919791, 0.03549861, 0.03430393, 0.03914334,
       0.04022593, 0.04103893, 0.03254037]), 'mean_score_time': array([0.04238758, 0.03990364, 0.04282632, 0.03872495, 0.03879104,
       0.04005475, 0.0394187 , 0.03992925, 0.0411881 , 0.04073052,
       0.04094429, 0.04031868, 0.04246998, 0.04275632, 0.0410614 ,
       0.04176359, 0.04108124, 0.04045944, 0.03946157, 0.0404645 ,
       0.04032331, 0.03875079, 0.0396821 , 0.04411774, 0.03897948,
       0.04419284, 0.04063125, 0.04032083]), 'std_score_time': array([0.00251214, 0.00201645, 0.00407317, 0.00123807, 0.00088404,
       0.00099012, 0.00095597, 0.00208521, 0.00179118, 0.00199146,
       0.00415885, 0.00169419, 0.00375688, 0.00394626, 0.0017731 ,
       0.00198734, 0.00185608, 0.00115901, 0.00211455, 0.00086695,
       0.0022022 , 0.00124429, 0.00204594, 0.00407717, 0.00223679,
       0.00498142, 0.00217388, 0.00144899]), 'param_lr__C': masked_array(data=[0.002, 0.002, 0.002, 0.002, 0.004, 0.004, 0.004, 0.004,
                   0.006, 0.006, 0.006, 0.006, 0.008, 0.008, 0.008, 0.008,
                   0.01, 0.01, 0.01, 0.01, 0.012, 0.012, 0.012, 0.012,
                   0.014, 0.014, 0.014, 0.014],
             mask=[False, False, False, False, False, False, False, False,
                   False, False, False, False, False, False, False, False,
                   False, False, False, False, False, False, False, False,
                   False, False, False, False],
       fill_value='?',
            dtype=object), 'param_selector__sp__percentile': masked_array(data=[50, 50, 75, 75, 50, 50, 75, 75, 50, 50, 75, 75, 50, 50,
                   75, 75, 50, 50, 75, 75, 50, 50, 75, 75, 50, 50, 75, 75],
             mask=[False, False, False, False, False, False, False, False,
                   False, False, False, False, False, False, False, False,
                   False, False, False, False, False, False, False, False,
                   False, False, False, False],
       fill_value='?',
            dtype=object), 'param_talib__rsiadx__kw_args': masked_array(data=[{'timeperiod': 5}, {'timeperiod': 10},
                   {'timeperiod': 5}, {'timeperiod': 10},
                   {'timeperiod': 5}, {'timeperiod': 10},
                   {'timeperiod': 5}, {'timeperiod': 10},
                   {'timeperiod': 5}, {'timeperiod': 10},
                   {'timeperiod': 5}, {'timeperiod': 10},
                   {'timeperiod': 5}, {'timeperiod': 10},
                   {'timeperiod': 5}, {'timeperiod': 10},
                   {'timeperiod': 5}, {'timeperiod': 10},
                   {'timeperiod': 5}, {'timeperiod': 10},
                   {'timeperiod': 5}, {'timeperiod': 10},
                   {'timeperiod': 5}, {'timeperiod': 10},
                   {'timeperiod': 5}, {'timeperiod': 10},
                   {'timeperiod': 5}, {'timeperiod': 10}],
             mask=[False, False, False, False, False, False, False, False,
                   False, False, False, False, False, False, False, False,
                   False, False, False, False, False, False, False, False,
                   False, False, False, False],
       fill_value='?',
            dtype=object), 'params': [{'lr__C': 0.002, 'selector__sp__percentile': 50, 'talib__rsiadx__kw_args': {'timeperiod': 5}}, {'lr__C': 0.002, 'selector__sp__percentile': 50, 'talib__rsiadx__kw_args': {'timeperiod': 10}}, {'lr__C': 0.002, 'selector__sp__percentile': 75, 'talib__rsiadx__kw_args': {'timeperiod': 5}}, {'lr__C': 0.002, 'selector__sp__percentile': 75, 'talib__rsiadx__kw_args': {'timeperiod': 10}}, {'lr__C': 0.004, 'selector__sp__percentile': 50, 'talib__rsiadx__kw_args': {'timeperiod': 5}}, {'lr__C': 0.004, 'selector__sp__percentile': 50, 'talib__rsiadx__kw_args': {'timeperiod': 10}}, {'lr__C': 0.004, 'selector__sp__percentile': 75, 'talib__rsiadx__kw_args': {'timeperiod': 5}}, {'lr__C': 0.004, 'selector__sp__percentile': 75, 'talib__rsiadx__kw_args': {'timeperiod': 10}}, {'lr__C': 0.006, 'selector__sp__percentile': 50, 'talib__rsiadx__kw_args': {'timeperiod': 5}}, {'lr__C': 0.006, 'selector__sp__percentile': 50, 'talib__rsiadx__kw_args': {'timeperiod': 10}}, {'lr__C': 0.006, 'selector__sp__percentile': 75, 'talib__rsiadx__kw_args': {'timeperiod': 5}}, {'lr__C': 0.006, 'selector__sp__percentile': 75, 'talib__rsiadx__kw_args': {'timeperiod': 10}}, {'lr__C': 0.008, 'selector__sp__percentile': 50, 'talib__rsiadx__kw_args': {'timeperiod': 5}}, {'lr__C': 0.008, 'selector__sp__percentile': 50, 'talib__rsiadx__kw_args': {'timeperiod': 10}}, {'lr__C': 0.008, 'selector__sp__percentile': 75, 'talib__rsiadx__kw_args': {'timeperiod': 5}}, {'lr__C': 0.008, 'selector__sp__percentile': 75, 'talib__rsiadx__kw_args': {'timeperiod': 10}}, {'lr__C': 0.01, 'selector__sp__percentile': 50, 'talib__rsiadx__kw_args': {'timeperiod': 5}}, {'lr__C': 0.01, 'selector__sp__percentile': 50, 'talib__rsiadx__kw_args': {'timeperiod': 10}}, {'lr__C': 0.01, 'selector__sp__percentile': 75, 'talib__rsiadx__kw_args': {'timeperiod': 5}}, {'lr__C': 0.01, 'selector__sp__percentile': 75, 'talib__rsiadx__kw_args': {'timeperiod': 10}}, {'lr__C': 0.012, 'selector__sp__percentile': 50, 'talib__rsiadx__kw_args': {'timeperiod': 5}}, {'lr__C': 0.012, 'selector__sp__percentile': 50, 'talib__rsiadx__kw_args': {'timeperiod': 10}}, {'lr__C': 0.012, 'selector__sp__percentile': 75, 'talib__rsiadx__kw_args': {'timeperiod': 5}}, {'lr__C': 0.012, 'selector__sp__percentile': 75, 'talib__rsiadx__kw_args': {'timeperiod': 10}}, {'lr__C': 0.014, 'selector__sp__percentile': 50, 'talib__rsiadx__kw_args': {'timeperiod': 5}}, {'lr__C': 0.014, 'selector__sp__percentile': 50, 'talib__rsiadx__kw_args': {'timeperiod': 10}}, {'lr__C': 0.014, 'selector__sp__percentile': 75, 'talib__rsiadx__kw_args': {'timeperiod': 5}}, {'lr__C': 0.014, 'selector__sp__percentile': 75, 'talib__rsiadx__kw_args': {'timeperiod': 10}}], 'split0_test_score': array([0.38625787, 0.41130598, 0.37528627, 0.36597654, 0.40097811,
       0.42852914, 0.39568194, 0.42066529, 0.39950469, 0.43741433,
       0.40971145, 0.42010095, 0.40020144, 0.44171997, 0.40451114,
       0.41655821, 0.36781534, 0.44687526, 0.40933866, 0.40270036,
       0.37503203, 0.41773663, 0.40686282, 0.42406874, 0.37361398,
       0.40761203, 0.40893368, 0.43016425]), 'split1_test_score': array([0.38128158, 0.3553685 , 0.35752654, 0.32811268, 0.38110437,
       0.35064581, 0.37552874, 0.3295953 , 0.36836069, 0.36956526,
       0.36439727, 0.34225236, 0.37080147, 0.3738516 , 0.34874713,
       0.34696052, 0.36542925, 0.365707  , 0.34755399, 0.35716562,
       0.34996354, 0.36436955, 0.3396523 , 0.35230114, 0.35203315,
       0.35947477, 0.34501378, 0.35222232]), 'split2_test_score': array([0.441406  , 0.44703924, 0.45047596, 0.44233846, 0.44024269,
       0.4520057 , 0.40592234, 0.42293044, 0.45013439, 0.44620485,
       0.40684478, 0.44784619, 0.42691446, 0.44516385, 0.43639174,
       0.44036398, 0.41240762, 0.4419632 , 0.38875178, 0.46419029,
       0.43205783, 0.45003677, 0.39339276, 0.45138392, 0.42651605,
       0.44329547, 0.40351858, 0.44457624]), 'split3_test_score': array([0.35081125, 0.31172913, 0.33729403, 0.30198154, 0.33663747,
       0.31212337, 0.34447026, 0.35256449, 0.31907725, 0.32693398,
       0.32790736, 0.3316877 , 0.32325622, 0.30720096, 0.33132273,
       0.28063447, 0.3173959 , 0.29787653, 0.34190974, 0.26787753,
       0.29443419, 0.30604658, 0.3295012 , 0.3264739 , 0.31961728,
       0.30020192, 0.34316552, 0.3252141 ]), 'split4_test_score': array([0.36416414, 0.37678051, 0.38341369, 0.35785727, 0.43704926,
       0.39108053, 0.4005988 , 0.37346862, 0.39301453, 0.40046504,
       0.38964575, 0.38991556, 0.41399984, 0.40121451, 0.43008756,
       0.39950703, 0.32926388, 0.39076551, 0.40172249, 0.38607556,
       0.40985161, 0.37440954, 0.3928497 , 0.39385739, 0.4439029 ,
       0.40234378, 0.39865162, 0.37182604]), 'mean_test_score': array([0.38478417, 0.38044467, 0.3807993 , 0.3592533 , 0.39920238,
       0.38687691, 0.38444042, 0.37984483, 0.38601831, 0.39611669,
       0.37970132, 0.38636055, 0.38703469, 0.39383018, 0.39021206,
       0.37680484, 0.3584624 , 0.3886375 , 0.37785533, 0.37560187,
       0.37226784, 0.38251981, 0.37245175, 0.38961702, 0.38313667,
       0.38258559, 0.37985664, 0.38480059]), 'std_test_score': array([0.03098327, 0.04637095, 0.03827897, 0.04732882, 0.03837122,
       0.0507841 , 0.02247652, 0.03696639, 0.04274248, 0.04410091,
       0.03050605, 0.04442114, 0.03693803, 0.05076785, 0.04269514,
       0.05705245, 0.03342188, 0.05477802, 0.02789204, 0.06424385,
       0.04806367, 0.04907571, 0.03149374, 0.0456061 , 0.04618902,
       0.0490379 , 0.02939005, 0.04563162]), 'rank_test_score': array([12, 18, 17, 27,  1,  8, 13, 20, 10,  2, 21,  9,  7,  3,  4, 23, 28,
        6, 22, 24, 26, 16, 25,  5, 14, 15, 19, 11]), 'split0_train_score': array([0.63282327, 0.62764417, 0.64977406, 0.64211612, 0.65598648,
       0.65514228, 0.66957442, 0.6655199 , 0.66244282, 0.66712789,
       0.6818768 , 0.68487864, 0.6624213 , 0.67879595, 0.69787448,
       0.67827934, 0.67706804, 0.66586763, 0.69421136, 0.69630797,
       0.67468433, 0.68453058, 0.69579408, 0.68994641, 0.68030268,
       0.68576196, 0.7043799 , 0.69190185]), 'split1_train_score': array([0.60310804, 0.6007577 , 0.61444869, 0.61958925, 0.62590741,
       0.61775297, 0.63280767, 0.64597277, 0.63104606, 0.62190373,
       0.65105766, 0.65749902, 0.63114816, 0.63152003, 0.66065798,
       0.6660981 , 0.63199036, 0.6322671 , 0.66768518, 0.66693141,
       0.63760286, 0.63774334, 0.66931757, 0.67135288, 0.63934682,
       0.63772945, 0.67268463, 0.67642208]), 'split2_train_score': array([0.58505886, 0.57557146, 0.59994165, 0.58270046, 0.58788278,
       0.58257374, 0.60206257, 0.59159075, 0.58856819, 0.58684842,
       0.61821833, 0.6071086 , 0.58660837, 0.58159713, 0.61031674,
       0.60241579, 0.58482286, 0.57796741, 0.59509237, 0.61039375,
       0.59128969, 0.58589851, 0.58984073, 0.60484577, 0.5941029 ,
       0.57608395, 0.60320078, 0.59778804]), 'split3_train_score': array([0.50990655, 0.52681209, 0.55586179, 0.55386827, 0.51996711,
       0.53199801, 0.55436937, 0.55365617, 0.52060561, 0.52803466,
       0.55811187, 0.57223653, 0.52435875, 0.53108951, 0.56132472,
       0.57725649, 0.51910889, 0.53352007, 0.55447191, 0.57330984,
       0.52314161, 0.53559206, 0.56596106, 0.5663399 , 0.51841998,
       0.53179927, 0.55779951, 0.5674706 ]), 'split4_train_score': array([0.53896064, 0.53741403, 0.56121354, 0.55454626, 0.5406934 ,
       0.54464441, 0.56123655, 0.56097865, 0.53980608, 0.54316714,
       0.56265702, 0.56462886, 0.54274066, 0.54692337, 0.56136966,
       0.57286745, 0.54031805, 0.54763527, 0.56427901, 0.56019606,
       0.54048327, 0.54754624, 0.56386461, 0.56724226, 0.54305114,
       0.54793188, 0.56232787, 0.56754348]), 'mean_train_score': array([0.57397147, 0.57363989, 0.59624795, 0.59056407, 0.58608744,
       0.58642228, 0.60401012, 0.60354365, 0.58849375, 0.58941637,
       0.61438434, 0.61727033, 0.58945545, 0.5939852 , 0.61830872,
       0.61938343, 0.59066164, 0.5914515 , 0.61514797, 0.62142781,
       0.59344035, 0.59826214, 0.61695561, 0.61994544, 0.5950447 ,
       0.5958613 , 0.62007854, 0.62022521]), 'std_train_score': array([0.04419384, 0.03784369, 0.03483793, 0.03523003, 0.05080796,
       0.04566455, 0.04341786, 0.04491035, 0.05340123, 0.05100551,
       0.04849159, 0.04709917, 0.05194277, 0.05463675, 0.05417984,
       0.04444616, 0.05807322, 0.05032178, 0.05600471, 0.05265745,
       0.05709974, 0.05595268, 0.05497562, 0.05181127, 0.05967774,
       0.05766695, 0.05894539, 0.05358632])}"
mlp,"{'mlp__hidden_layer_sizes': (100,), 'mlp__learning_rate_init': 0.01, 'selector__sp__percentile': 75, 'talib__rsiadx__kw_args': {'timeperiod': 5}}","Pipeline(steps=[('encoder',
                 ColumnTransformer(remainder='passthrough',
                                   transformers=[('te',
                                                  FunctionTransformer(func=<function target_encoder at 0x00000289474BC828>,
                                                                      kw_args={'y': DATETIME_simple
2017-01-03 04:00:00    0
2017-01-03 05:00:00   -1
2017-01-03 06:00:00   -1
2017-01-03 07:00:00   -1
2017-01-03 08:00:00   -1
                      ..
2017-10-18 10:00:00    1
2017-10-18 11:00:00    0
2017-10-18 12:00:00    0
2017-...
                                                  [0, 1, 2, 3, 4, 7, 8, 9, 10,
                                                   11, 12, 13, 14, 15, 16, 17,
                                                   18, 19, 20, 21, 22, 23, 24,
                                                   25, 26, 27, 28, 29, 30, 31, ...])])),
                ('selector',
                 ColumnTransformer(remainder='passthrough',
                                   transformers=[('sp',
                                                  SelectPercentile(percentile=75),
                                                  [0, 1, 2, 3, 4, 7, 8, 9, 10,
                                                   11, 12, 13, 14, 15, 16, 17,
                                                   18, 19, 20, 21, 22, 23, 24,
                                                   25, 26, 27, 28, 29, 30, 31, ...])])),
                ('mlp',
                 MLPClassifier(learning_rate='adaptive',
                               learning_rate_init=0.01))])",36.88747049415998,125.77397608757019,"{'mean_fit_time': array([0.53970189, 0.52780538, 0.60725403, 0.61939292, 0.31675792,
       0.30303097, 0.31384244, 0.28706026, 0.68081541, 0.69536405,
       0.83140254, 0.83120675, 0.46647854, 0.44229016, 0.67540088,
       0.49556394, 0.81357565, 1.00655594, 1.24813309, 1.25133162,
       0.65519819, 1.06422248, 1.89223237, 0.8453599 , 0.69919562,
       0.61503377, 0.98556004, 0.62938337, 0.19357409, 0.22566752,
       0.38307886, 0.24331083]), 'std_fit_time': array([0.31679118, 0.30400972, 0.32529223, 0.31190524, 0.14356648,
       0.11817862, 0.12650218, 0.06122976, 0.53330596, 0.52780143,
       0.58313112, 0.59048323, 0.20433144, 0.17757904, 0.45604897,
       0.22423796, 0.75696873, 0.83241283, 1.02944414, 0.94519816,
       0.26197497, 0.78509116, 1.453891  , 0.31385655, 0.28889767,
       0.26396435, 0.30062761, 0.23725323, 0.0398107 , 0.06783075,
       0.32469907, 0.0717498 ]), 'mean_score_time': array([0.04305639, 0.04300561, 0.0413949 , 0.04002457, 0.03962536,
       0.04056964, 0.03999524, 0.04098482, 0.04313078, 0.04092412,
       0.04025588, 0.0409174 , 0.04236398, 0.03986831, 0.0417984 ,
       0.03988466, 0.04186687, 0.04382858, 0.04333267, 0.0473412 ,
       0.04859648, 0.04467406, 0.04384971, 0.04495969, 0.04206657,
       0.04556212, 0.04156184, 0.0429244 , 0.04252219, 0.04128985,
       0.04294233, 0.04140296]), 'std_score_time': array([0.00272016, 0.00219705, 0.00173249, 0.00105431, 0.00099794,
       0.00064505, 0.00183467, 0.00127372, 0.00283663, 0.00111005,
       0.00145476, 0.00183299, 0.00114263, 0.00152512, 0.00202455,
       0.00165394, 0.00102448, 0.00328032, 0.00154517, 0.00404509,
       0.00495678, 0.00149223, 0.00181721, 0.00193508, 0.00230044,
       0.00282539, 0.00241693, 0.00191954, 0.00168122, 0.00131423,
       0.00170639, 0.00080588]), 'param_mlp__hidden_layer_sizes': masked_array(data=[(100,), (100,), (100,), (100,), (100,), (100,), (100,),
                   (100,), (200,), (200,), (200,), (200,), (200,), (200,),
                   (200,), (200,), (300,), (300,), (300,), (300,), (300,),
                   (300,), (300,), (300,), (20, 20, 2), (20, 20, 2),
                   (20, 20, 2), (20, 20, 2), (20, 20, 2), (20, 20, 2),
                   (20, 20, 2), (20, 20, 2)],
             mask=[False, False, False, False, False, False, False, False,
                   False, False, False, False, False, False, False, False,
                   False, False, False, False, False, False, False, False,
                   False, False, False, False, False, False, False, False],
       fill_value='?',
            dtype=object), 'param_mlp__learning_rate_init': masked_array(data=[0.001, 0.001, 0.001, 0.001, 0.01, 0.01, 0.01, 0.01,
                   0.001, 0.001, 0.001, 0.001, 0.01, 0.01, 0.01, 0.01,
                   0.001, 0.001, 0.001, 0.001, 0.01, 0.01, 0.01, 0.01,
                   0.001, 0.001, 0.001, 0.001, 0.01, 0.01, 0.01, 0.01],
             mask=[False, False, False, False, False, False, False, False,
                   False, False, False, False, False, False, False, False,
                   False, False, False, False, False, False, False, False,
                   False, False, False, False, False, False, False, False],
       fill_value='?',
            dtype=object), 'param_selector__sp__percentile': masked_array(data=[50, 50, 75, 75, 50, 50, 75, 75, 50, 50, 75, 75, 50, 50,
                   75, 75, 50, 50, 75, 75, 50, 50, 75, 75, 50, 50, 75, 75,
                   50, 50, 75, 75],
             mask=[False, False, False, False, False, False, False, False,
                   False, False, False, False, False, False, False, False,
                   False, False, False, False, False, False, False, False,
                   False, False, False, False, False, False, False, False],
       fill_value='?',
            dtype=object), 'param_talib__rsiadx__kw_args': masked_array(data=[{'timeperiod': 5}, {'timeperiod': 10},
                   {'timeperiod': 5}, {'timeperiod': 10},
                   {'timeperiod': 5}, {'timeperiod': 10},
                   {'timeperiod': 5}, {'timeperiod': 10},
                   {'timeperiod': 5}, {'timeperiod': 10},
                   {'timeperiod': 5}, {'timeperiod': 10},
                   {'timeperiod': 5}, {'timeperiod': 10},
                   {'timeperiod': 5}, {'timeperiod': 10},
                   {'timeperiod': 5}, {'timeperiod': 10},
                   {'timeperiod': 5}, {'timeperiod': 10},
                   {'timeperiod': 5}, {'timeperiod': 10},
                   {'timeperiod': 5}, {'timeperiod': 10},
                   {'timeperiod': 5}, {'timeperiod': 10},
                   {'timeperiod': 5}, {'timeperiod': 10},
                   {'timeperiod': 5}, {'timeperiod': 10},
                   {'timeperiod': 5}, {'timeperiod': 10}],
             mask=[False, False, False, False, False, False, False, False,
                   False, False, False, False, False, False, False, False,
                   False, False, False, False, False, False, False, False,
                   False, False, False, False, False, False, False, False],
       fill_value='?',
            dtype=object), 'params': [{'mlp__hidden_layer_sizes': (100,), 'mlp__learning_rate_init': 0.001, 'selector__sp__percentile': 50, 'talib__rsiadx__kw_args': {'timeperiod': 5}}, {'mlp__hidden_layer_sizes': (100,), 'mlp__learning_rate_init': 0.001, 'selector__sp__percentile': 50, 'talib__rsiadx__kw_args': {'timeperiod': 10}}, {'mlp__hidden_layer_sizes': (100,), 'mlp__learning_rate_init': 0.001, 'selector__sp__percentile': 75, 'talib__rsiadx__kw_args': {'timeperiod': 5}}, {'mlp__hidden_layer_sizes': (100,), 'mlp__learning_rate_init': 0.001, 'selector__sp__percentile': 75, 'talib__rsiadx__kw_args': {'timeperiod': 10}}, {'mlp__hidden_layer_sizes': (100,), 'mlp__learning_rate_init': 0.01, 'selector__sp__percentile': 50, 'talib__rsiadx__kw_args': {'timeperiod': 5}}, {'mlp__hidden_layer_sizes': (100,), 'mlp__learning_rate_init': 0.01, 'selector__sp__percentile': 50, 'talib__rsiadx__kw_args': {'timeperiod': 10}}, {'mlp__hidden_layer_sizes': (100,), 'mlp__learning_rate_init': 0.01, 'selector__sp__percentile': 75, 'talib__rsiadx__kw_args': {'timeperiod': 5}}, {'mlp__hidden_layer_sizes': (100,), 'mlp__learning_rate_init': 0.01, 'selector__sp__percentile': 75, 'talib__rsiadx__kw_args': {'timeperiod': 10}}, {'mlp__hidden_layer_sizes': (200,), 'mlp__learning_rate_init': 0.001, 'selector__sp__percentile': 50, 'talib__rsiadx__kw_args': {'timeperiod': 5}}, {'mlp__hidden_layer_sizes': (200,), 'mlp__learning_rate_init': 0.001, 'selector__sp__percentile': 50, 'talib__rsiadx__kw_args': {'timeperiod': 10}}, {'mlp__hidden_layer_sizes': (200,), 'mlp__learning_rate_init': 0.001, 'selector__sp__percentile': 75, 'talib__rsiadx__kw_args': {'timeperiod': 5}}, {'mlp__hidden_layer_sizes': (200,), 'mlp__learning_rate_init': 0.001, 'selector__sp__percentile': 75, 'talib__rsiadx__kw_args': {'timeperiod': 10}}, {'mlp__hidden_layer_sizes': (200,), 'mlp__learning_rate_init': 0.01, 'selector__sp__percentile': 50, 'talib__rsiadx__kw_args': {'timeperiod': 5}}, {'mlp__hidden_layer_sizes': (200,), 'mlp__learning_rate_init': 0.01, 'selector__sp__percentile': 50, 'talib__rsiadx__kw_args': {'timeperiod': 10}}, {'mlp__hidden_layer_sizes': (200,), 'mlp__learning_rate_init': 0.01, 'selector__sp__percentile': 75, 'talib__rsiadx__kw_args': {'timeperiod': 5}}, {'mlp__hidden_layer_sizes': (200,), 'mlp__learning_rate_init': 0.01, 'selector__sp__percentile': 75, 'talib__rsiadx__kw_args': {'timeperiod': 10}}, {'mlp__hidden_layer_sizes': (300,), 'mlp__learning_rate_init': 0.001, 'selector__sp__percentile': 50, 'talib__rsiadx__kw_args': {'timeperiod': 5}}, {'mlp__hidden_layer_sizes': (300,), 'mlp__learning_rate_init': 0.001, 'selector__sp__percentile': 50, 'talib__rsiadx__kw_args': {'timeperiod': 10}}, {'mlp__hidden_layer_sizes': (300,), 'mlp__learning_rate_init': 0.001, 'selector__sp__percentile': 75, 'talib__rsiadx__kw_args': {'timeperiod': 5}}, {'mlp__hidden_layer_sizes': (300,), 'mlp__learning_rate_init': 0.001, 'selector__sp__percentile': 75, 'talib__rsiadx__kw_args': {'timeperiod': 10}}, {'mlp__hidden_layer_sizes': (300,), 'mlp__learning_rate_init': 0.01, 'selector__sp__percentile': 50, 'talib__rsiadx__kw_args': {'timeperiod': 5}}, {'mlp__hidden_layer_sizes': (300,), 'mlp__learning_rate_init': 0.01, 'selector__sp__percentile': 50, 'talib__rsiadx__kw_args': {'timeperiod': 10}}, {'mlp__hidden_layer_sizes': (300,), 'mlp__learning_rate_init': 0.01, 'selector__sp__percentile': 75, 'talib__rsiadx__kw_args': {'timeperiod': 5}}, {'mlp__hidden_layer_sizes': (300,), 'mlp__learning_rate_init': 0.01, 'selector__sp__percentile': 75, 'talib__rsiadx__kw_args': {'timeperiod': 10}}, {'mlp__hidden_layer_sizes': (20, 20, 2), 'mlp__learning_rate_init': 0.001, 'selector__sp__percentile': 50, 'talib__rsiadx__kw_args': {'timeperiod': 5}}, {'mlp__hidden_layer_sizes': (20, 20, 2), 'mlp__learning_rate_init': 0.001, 'selector__sp__percentile': 50, 'talib__rsiadx__kw_args': {'timeperiod': 10}}, {'mlp__hidden_layer_sizes': (20, 20, 2), 'mlp__learning_rate_init': 0.001, 'selector__sp__percentile': 75, 'talib__rsiadx__kw_args': {'timeperiod': 5}}, {'mlp__hidden_layer_sizes': (20, 20, 2), 'mlp__learning_rate_init': 0.001, 'selector__sp__percentile': 75, 'talib__rsiadx__kw_args': {'timeperiod': 10}}, {'mlp__hidden_layer_sizes': (20, 20, 2), 'mlp__learning_rate_init': 0.01, 'selector__sp__percentile': 50, 'talib__rsiadx__kw_args': {'timeperiod': 5}}, {'mlp__hidden_layer_sizes': (20, 20, 2), 'mlp__learning_rate_init': 0.01, 'selector__sp__percentile': 50, 'talib__rsiadx__kw_args': {'timeperiod': 10}}, {'mlp__hidden_layer_sizes': (20, 20, 2), 'mlp__learning_rate_init': 0.01, 'selector__sp__percentile': 75, 'talib__rsiadx__kw_args': {'timeperiod': 5}}, {'mlp__hidden_layer_sizes': (20, 20, 2), 'mlp__learning_rate_init': 0.01, 'selector__sp__percentile': 75, 'talib__rsiadx__kw_args': {'timeperiod': 10}}], 'split0_test_score': array([0.3726366 , 0.36351621, 0.37793831, 0.38712128, 0.39243995,
       0.37144535, 0.37459258, 0.36241151, 0.24904611, 0.4198713 ,
       0.37614481, 0.3568103 , 0.3881997 , 0.31329516, 0.38808166,
       0.34815748, 0.35046885, 0.37033015, 0.3290511 , 0.38334157,
       0.32121215, 0.33712893, 0.39103123, 0.4132936 , 0.1572327 ,
       0.17125382, 0.17125382, 0.17125382, 0.17125382, 0.17125382,
       0.17125382, 0.17125382]), 'split1_test_score': array([0.34223669, 0.30480448, 0.3241227 , 0.32545517, 0.31291605,
       0.269139  , 0.35869531, 0.32229575, 0.32416773, 0.3193128 ,
       0.35185633, 0.29845878, 0.34948252, 0.35996206, 0.34452775,
       0.33779005, 0.31514727, 0.30018412, 0.32960794, 0.31962158,
       0.32320057, 0.36453662, 0.34185254, 0.31193155, 0.24751915,
       0.32515901, 0.32259345, 0.28944176, 0.16467463, 0.3793618 ,
       0.28495614, 0.29481055]), 'split2_test_score': array([0.34741001, 0.40418692, 0.33355157, 0.37074033, 0.36767723,
       0.32478086, 0.38625641, 0.3469818 , 0.36595607, 0.36062636,
       0.38992398, 0.41099178, 0.36500477, 0.36400129, 0.38085024,
       0.37286903, 0.35781927, 0.38200019, 0.41513913, 0.37876334,
       0.35829322, 0.44090279, 0.32973627, 0.37463515, 0.16732717,
       0.13799534, 0.19179229, 0.19179229, 0.16732717, 0.16732717,
       0.16732717, 0.16732717]), 'split3_test_score': array([0.35217971, 0.28334171, 0.310501  , 0.29833771, 0.21910212,
       0.35549894, 0.29454891, 0.3203586 , 0.33413504, 0.30938792,
       0.30993775, 0.17972923, 0.24127918, 0.28399356, 0.31585546,
       0.17723031, 0.32423313, 0.29249823, 0.26771635, 0.1957672 ,
       0.230186  , 0.2931481 , 0.22441938, 0.18601373, 0.1734414 ,
       0.16333777, 0.17254902, 0.16333777, 0.16333777, 0.16333777,
       0.16333777, 0.16333777]), 'split4_test_score': array([0.3863347 , 0.38719735, 0.43179606, 0.33854508, 0.30341953,
       0.41611579, 0.43028032, 0.32875614, 0.38349888, 0.29566138,
       0.35636346, 0.31389678, 0.26062775, 0.38106221, 0.22121924,
       0.36208139, 0.22159408, 0.37111909, 0.22862946, 0.26569924,
       0.28495957, 0.32084492, 0.47172907, 0.31837001, 0.16400709,
       0.15791835, 0.33991978, 0.15791835, 0.15791835, 0.15791835,
       0.27163892, 0.15791835]), 'mean_test_score': array([0.36015954, 0.34860933, 0.35558193, 0.34403991, 0.31911097,
       0.34739599, 0.3688747 , 0.33616076, 0.33136077, 0.34097195,
       0.35684527, 0.31197737, 0.32091879, 0.34046286, 0.33010687,
       0.31962565, 0.31385252, 0.34322636, 0.3140288 , 0.30863858,
       0.3035703 , 0.35131227, 0.3517537 , 0.32084881, 0.1819055 ,
       0.19113286, 0.23962167, 0.1947488 , 0.16490235, 0.20783978,
       0.21170276, 0.19092953]), 'std_test_score': array([0.01666297, 0.04685903, 0.04430736, 0.03172757, 0.06003697,
       0.04899396, 0.04412122, 0.01614294, 0.04636886, 0.0450136 ,
       0.02717392, 0.07679824, 0.05875995, 0.03608171, 0.06033829,
       0.07219112, 0.04877476, 0.03857981, 0.06345009, 0.07099631,
       0.04341151, 0.05042587, 0.08091185, 0.0770781 , 0.03322174,
       0.0679081 , 0.07537185, 0.04872504, 0.00441581, 0.08587454,
       0.05459466, 0.05212775]), 'rank_test_score': array([ 2,  7,  4,  9, 19,  8,  1, 13, 14, 11,  3, 22, 16, 12, 15, 18, 21,
       10, 20, 23, 24,  6,  5, 17, 31, 29, 25, 28, 32, 27, 26, 30]), 'split0_train_score': array([0.73646096, 0.7204859 , 0.75961395, 0.88236602, 0.68106696,
       0.43782649, 0.80424724, 0.75143421, 0.63179483, 0.72676247,
       0.82797691, 0.74836938, 0.62830504, 0.5826813 , 0.70097432,
       0.70507266, 0.72245311, 0.70631413, 0.79256886, 0.69965458,
       0.50448728, 0.57945458, 0.72450269, 0.70088877, 0.17162199,
       0.17100694, 0.17487289, 0.17100694, 0.17487289, 0.17100694,
       0.17100694, 0.17487289]), 'split1_train_score': array([1.        , 0.99910491, 1.        , 1.        , 1.        ,
       0.99208293, 1.        , 0.99374768, 1.        , 0.99910491,
       1.        , 1.        , 1.        , 0.99827015, 1.        ,
       1.        , 1.        , 1.        , 1.        , 1.        ,
       0.99207603, 0.97533802, 0.99731449, 0.98217863, 0.4825856 ,
       0.74972524, 0.49872017, 0.92534547, 0.17112998, 0.92344119,
       0.44565527, 0.93486995]), 'split2_train_score': array([0.60540976, 0.60338006, 0.51241395, 0.58295802, 0.47747088,
       0.36133485, 0.55816716, 0.41380728, 0.60346677, 0.5231466 ,
       0.57693734, 0.58198952, 0.45152275, 0.40232784, 0.81315903,
       0.47060302, 0.57520688, 0.49321306, 0.62916574, 0.60889685,
       0.47047512, 0.76548868, 0.98349583, 0.58333393, 0.17027267,
       0.16393926, 0.16703297, 0.16830331, 0.16900175, 0.16900175,
       0.16900175, 0.16900175]), 'split3_train_score': array([0.56639683, 0.39182858, 0.4255507 , 0.55331987, 0.36852135,
       0.52063073, 0.38037109, 0.32824772, 0.45847861, 0.32382331,
       0.58450645, 0.41237843, 0.42201094, 0.5101753 , 0.55063017,
       0.54034273, 0.55686281, 0.45240102, 0.43425433, 0.57471976,
       0.4336825 , 0.49729188, 0.34792903, 0.47047883, 0.43159709,
       0.17393447, 0.16915423, 0.17393447, 0.17393447, 0.17393447,
       0.17393447, 0.17393447]), 'split4_train_score': array([0.50968588, 0.57520652, 0.51771036, 0.44208002, 0.25894773,
       0.48677802, 0.5098323 , 0.46045946, 0.51309136, 0.44021563,
       0.54649269, 0.52035785, 0.45615998, 0.48773129, 0.39158736,
       0.54107237, 0.33778597, 0.33256638, 0.39930928, 0.37378642,
       0.464236  , 0.73630148, 0.79564259, 0.57744338, 0.16691654,
       0.17466175, 0.5893732 , 0.17466175, 0.17466175, 0.17466175,
       0.59329731, 0.17466175]), 'mean_train_score': array([0.68359068, 0.6580012 , 0.64305779, 0.69214479, 0.55720138,
       0.55973061, 0.65052356, 0.58953927, 0.64136631, 0.60261058,
       0.70718268, 0.65261904, 0.59159974, 0.59623718, 0.69127018,
       0.65141816, 0.63846175, 0.59689892, 0.65105964, 0.65141152,
       0.57299139, 0.71077493, 0.76977692, 0.66286471, 0.28459878,
       0.28665353, 0.31983069, 0.32265039, 0.17272017, 0.32240922,
       0.31057915, 0.32546816]), 'std_train_score': array([0.17492836, 0.20047063, 0.21027706, 0.2119837 , 0.26165842,
       0.22271098, 0.22229298, 0.24714814, 0.18976221, 0.23792034,
       0.17785826, 0.20495793, 0.21673205, 0.20909102, 0.20969243,
       0.19057606, 0.21855432, 0.23493159, 0.22478717, 0.20425775,
       0.21074584, 0.16520222, 0.23584891, 0.17552292, 0.14176784,
       0.23156687, 0.18532022, 0.301356  , 0.00229058, 0.30052288,
       0.17684538, 0.30470847])}"
